Title,Collected
"Silent Hill","Blu-ray","No"
"Keeper - Horror","","No"
"Mysterious Island","","No"
"spartacus 1960","","No"
"El cid 1961","","No"
"The Fall Of The Roman Empire 1964","","No"
"Quo Vadis 1951","","No"
"Barabbas 1961","","No"
"The Ten Commandments 1956","","No"
"King Of Kings 1961","","No"
"Jason And The Argonauts 1963","","No"
"Demetrius And The Gladiators 1954","","No"
"The Silver Chalice 1954","","No"
"Kingdom Of Heaven Directors Cut Only 2005","","No"
"I, Claudius 1976","","No"
"The Ten Commandments 1956","","No"
"Unforgiven 1992","","No"
"Children Of Men 2006","","No"
"Prisoners 2013","","No"
"Winder River 2017","","No"
"Sicario 2015","","No"
"The Ten Commandments 1956","","No"
"The Ten Commandments 1956","","No"